 DELETE FROM COMMENT;
 DELETE FROM POST_CATEGORY;
 DELETE FROM CATEGORY;
 DELETE FROM POST;
 
 DELETE FROM AUTHOR;

 
 INSERT INTO AUTHOR(ID, BIO, BIO_SUMMARY, EMAIL, NAME)VALUES (1, 'Ariano Vilar Suassuna nasceu na cidade de Parahyba, atual João Pessoa, no dia 16 de junho de 1927, filho de Rita de Cássia Dantas Villar e João Suassuna. Seu pai era então o presidente do estado da Paraíba. Ariano nasceu nas dependências do Palácio da Redenção, sede do Executivo paraibano. No ano seguinte, o pai deixa o governo da Paraíba, e a família passou a morar no sertão, na Fazenda Acauã, em Sousa. Com a Revolução de 1930, João Suassuna foi assassinado por motivos políticos no Rio de Janeiro, e a família mudou-se para Taperoá, onde morou de 1933 a 1937. Nessa cidade, Ariano fez seus primeiros estudos e assistiu pela primeira vez a uma peça de mamulengos e a um desafio de viola, cujo caráter de "improvisação" seria uma das marcas registradas também da sua produção teatral. O próprio Ariano Suassuna reconhecia que o assassinato de seu pai, ocupava posição marcante em sua inquietação criadora. No discurso de posse na Academia Brasileira de Letras, disse: "Posso dizer que, como escritor, eu sou, de certa forma, aquele mesmo menino que, perdendo o pai assassinado no dia 9 de outubro de 1930, passou o resto da vida tentando protestar contra sua morte através do que faço e do que escrevo, oferecendo-lhe esta precária compensação e, ao mesmo tempo, buscando recuperar sua imagem, através da lembrança, dos depoimentos dos outros, das palavras que o pai deixou."', 'Até advogado já fui', 'ariano.suassuna@marmorial.com.br', 'Ariano Vilar Suassuna');
 INSERT INTO AUTHOR(ID, BIO, BIO_SUMMARY, EMAIL, NAME)VALUES (2, 'Chico Science participava de grupos de dança e hip hop em Pernambuco no início dos anos 1980. No final da década integrou algumas bandas de música como Orla Orbe e Loustal, inspiradas na música soul, no ska, no funk e no hip hop, Suas principais influências musicais eram James Brown, Grandmaster Flash e Kurtis Blow entre outros artistas de destaque da soul music norte-americana. A fusão com os ritmos nordestinos, principalmente o maracatu, veio em 1991, quando Science entrou em contato com o bloco afro Lamento Negro, de Peixinhos, subúrbio de Olinda. Misturou o ritmo da percussão com o som de sua antiga banda e formou o Nação Zumbi. A partir daí o grupo começou a se apresentar no Recife e em Olinda e iniciou o "movimento" mangue beat, com direito a manifesto ("Caranguejos com Cérebro", de Fred 04, do Mundo Livre S/A).', 'Este corpo de lama que tu vê, é apenas a imagem que sou. ', 'chico.science@maguebeat.com.br', 'Francisco de Assis França');
 INSERT INTO AUTHOR(ID, BIO, BIO_SUMMARY, EMAIL, NAME)VALUES (3,'Raul Santos Seixas (Salvador, 28 de junho de 1945[5] — São Paulo, 21 de agosto de 1989) foi um cantor e compositor brasileiro, frequentemente considerado um dos pioneiros do rock brasileiro. Também foi produtor musical da CBS durante sua estada no Rio de Janeiro, e por vezes é chamado de "Pai do Rock Brasileiro" e "Maluco Beleza". Sua obra musical é composta por 17 discos lançados em seus 26 anos de carreira e seu estilo musical é tradicionalmente classificado como rock e baião, e de fato conseguiu unir ambos os gêneros em músicas como "Let me Sing, Let me Sing".[6] Seu álbum de estreia, Raulzito e os Panteras (1968), foi produzido quando ele integrava o grupo Raulzito e os Panteras, mas só ganhou notoriedade crítica e de público com as músicas de Krig-ha, Bandolo! (1973), como "Ouro de Tolo", "Mosca na Sopa", "Metamorfose Ambulante". Raul Seixas adquiriu um estilo musical que o creditou de "contestador e místico", e isso se deve aos ideais que vindicou, como a Sociedade Alternativa apresentada em Gita (1974), influenciado por figuras como o ocultista britânico Aleister Crowley.','Não tenho parte com comunista tenho parte é com o diabo. Viva a sociedade alternativa','malucobeleza@sociedadealternativa.com.br','Raul Santos Seixas');

 INSERT INTO CATEGORY(ID, NAME, SUMMARY)VALUES(1, 'Manifestos', 'Categoria dedicada a publicação de manifestos');
 INSERT INTO CATEGORY(ID, NAME, SUMMARY)VALUES(2, 'Livros', 'Categoria dedicada a publicação de resumos e criticas de livros');
 INSERT INTO CATEGORY(ID, NAME, SUMMARY)VALUES(3, 'Musicas', 'Categoria dedicada a publicação de resumos e criticas de obras musicais');
 INSERT INTO CATEGORY(ID, NAME, SUMMARY)VALUES(4, 'Poesias', 'Categoria dedicada a publicação de Poemas');


INSERT INTO POST(ID, CONTENT, 	DATE, SUMMARY, TITLE, AUTHOR_ID)VALUES(1, 'Modernizar o passado<br/>É uma evolução musical<br/>Cadê as notas que estavam aqui?<br/>Não presciso delas!<br/>Basta deixar tudo soando bem aos ouvidos<br/>O medo dá origem ao mal<br/>O homem coletivo sente a necessidade de lutar<br/>O orgulho, a arrogância, a glória<br/>Enche a imaginação de domínio<br/>São demônios os que destroem o poder<br/>Bravio da humanidade<br/>Viva Zapata<br/>Viva Sandino<br/>Antônio Conselheiro<br/>Todos os Panteras Negras<br/>Lampião sua imagem e semelhança<br/>Eu tenho certeza eles também cantaram um dia','1994-01-01','Artista: Nação Zumbi<br/>Álbum: Da Lama ao Caos<br/>Data de lançamento: 1994','Monologo ao pé do ouvido',2);
INSERT INTO POST(ID, CONTENT, 	DATE, SUMMARY, TITLE, AUTHOR_ID)VALUES(2, 'Têm para mim Chamados de outro mundo<br/>as Noites perigosas e queimadas,<br/>quando a Lua aparece mais vermelha<br/>São turvos sonhos, Mágoas proibidas,<br/>são Ouropéis antigos e fantasmas<br/>que, nesse Mundo vivo e mais ardente<br/>consumam tudo o que desejo Aqui.<br/><br/>Será que mais Alguém vê e escuta?<br/><br/>Sinto o roçar das asas Amarelas<br/>e escuto essas Canções encantatórias<br/>que tento, em vão, de mim desapossar.<br/><br/>Diluídos na velha Luz da lua,<br/>a Quem dirigem seus terríveis cantos?<br/><br/>Pressinto um murmuroso esvoejar:<br/>passaram-me por cima da cabeça<br/>e, como um Halo escuso, te envolveram.<br/>Eis-te no fogo, como um Fruto ardente,<br/>a ventania me agitando em torno<br/>esse cheiro que sai de teus cabelos.<br/><br/>Que vale a natureza sem teus Olhos,<br/>ó Aquela por quem meu Sangue pulsa?<br/><br/>Da terra sai um cheiro bom de vida<br/>e nossos pés a Ela estão ligados.<br/>Deixa que teu cabelo, solto ao vento,<br/>abrase fundamente as minhas mão...<br/><br/>Mas, não: a luz Escura inda te envolve,<br/>o vento encrespa as Águas dos dois rios<br/>e continua a ronda, o Som do fogo.<br/><br/>Ó meu amor, por que te ligo à Morte?<br/><br/>','1945-01-01','Poema de Ariano Suassuna publicado no Jornal do comercio em 1945','Noturno',1);
INSERT INTO POST(ID, CONTENT, 	DATE, SUMMARY, TITLE, AUTHOR_ID)VALUES(3, 'Subi no muro do quintal<br/>E vi uma transa que não é normal<br/>E ninguém (guem, guem, guem) vai acreditar<br/>Eu vi duas mulheres<br/>Botando aranha prá brigar<br/>Duas aranhas, duas aranhas<br/>Duas aranhas, duas aranhas<br/>Vem cá mulher deixa de manha<br/>Minha cobra quer comer sua aranha<br/>Meu corpo todo se tremeu<br/>E nem a cobra entendeu<br/>Como é que pode duas aranhas se esfregando<br/>Eu tô sabendo, alguma coisa tá faltando<br/>A minha cobra, cobra criada<br/>A minha cobra, cobra criada<br/>Vem cá mulher deixa de manha<br/>Minha cobra quer comer sua aranha<br/>Deve ter uma boa explicação<br/>O que é que essas aranhas tão fazendo ali no chão<br/>Uma em cima, a outra embaixo<br/>E a cobra perguntando onde é que eu me encaixo?<br/>A minha cobra, cobra criada<br/>A minha cobra, cobra criada<br/>Vem cá mulher deixa de manha<br/>Minha cobra qué comer sua aranha<br/>Soltei a cobra e ela foi direto<br/>Foi pro meio das aranhas<br/>Prá mostrar como é que é certo<br/>Cobra com aranha é que dá pé<br/>Aranha com aranha sempre deu em jacaré<br/>É minha cobra, cobra com aranha<br/>É minha cobra, com as aranhas<br/>Vem cá mulher dexa de manha<br/>Minha cobra qué comer sua aranha','1980-01-01', 'Canção do album Abre-te Sésamo de 1980','Rock das aranhas',3);

INSERT INTO POST_CATEGORY (POST_ID, CATEGORY_ID)VALUES(1,3);
INSERT INTO POST_CATEGORY (POST_ID, CATEGORY_ID)VALUES(2,4);
INSERT INTO POST_CATEGORY (POST_ID, CATEGORY_ID)VALUES(3,3);

INSERT INTO COMMENT (ID, AUTHOR, CONTENT, EMAIL, POST_ID) VALUES(1, 'Suassuna','Chico Ciência nunca abandone a as raizes da sua clutura','ariano.suassuna@armoreal.com.br',1);
INSERT INTO COMMENT (ID, AUTHOR, CONTENT, EMAIL, POST_ID) VALUES(2, 'Chico Science','Mestre eu também sou armoreal', 'chico.science@maguebeat.com.br',2);
  
  -- INSERT INTO FILE 	 	  (CONTENT, 	NAME, 	 	TYPE)
